"Message",Low,"Starting .NET Native compilation"
"Message",Low,""
"Message",Low,""
"Message",Low,"Task ""Gatekeeper"""
"Message",Normal,"Launching 'C:\Users\danny\.nuget\packages\runtime.win10-x86.microsoft.net.native.compiler\2.1.8\tools\x86\ilc\ilc.exe --gatekeeper @""C:\Users\danny\Source\Repos\Density_Android\UWP\obj\x86\Release\ilc\intermediate\gkargs.rsp""'"
"Message",Low,"Microsoft (R) .NET Native Gatekeeper Version 2.1.26424.01 "
"Message",Low,"Copyright (C) Microsoft Corporation.  All rights reserved. "
"Message",Low," "
"Message",Low,"ILCTelemetry: System.ArgumentException: Could not deserialize to TelemetrySession object"
"Message",Low,"Parameter name: serializedSession ---> System.Runtime.Serialization.SerializationException: There was an error deserializing the object of type Microsoft.VisualStudio.Telemetry.TelemetrySessionSettings. The token '""' was expected but found 'I'. ---> System.Xml.XmlException: The token '""' was expected but found 'I'."
"Message",Low,"   at System.Xml.XmlExceptionHelper.ThrowXmlException(XmlDictionaryReader reader, String res, String arg1, String arg2, String arg3)"
"Message",Low,"   at System.Xml.XmlExceptionHelper.ThrowTokenExpected(XmlDictionaryReader reader, String expected, Char found)"
"Message",Low,"   at System.Runtime.Serialization.Json.XmlJsonReader.ReadServerTypeAttribute(Boolean consumedObjectChar)"
"Message",Low,"   at System.Runtime.Serialization.Json.XmlJsonReader.ReadAttributes()"
"Message",Low,"   at System.Runtime.Serialization.Json.XmlJsonReader.ReadNonExistentElementName(StringHandleConstStringType elementName)"
"Message",Low,"   at System.Runtime.Serialization.Json.XmlJsonReader.Read()"
"Message",Low,"   at System.Xml.XmlBaseReader.IsStartElement()"
"Message",Low,"   at System.Xml.XmlBaseReader.IsStartElement(XmlDictionaryString localName, XmlDictionaryString namespaceUri)"
"Message",Low,"   at System.Runtime.Serialization.XmlReaderDelegator.IsStartElement(XmlDictionaryString localname, XmlDictionaryString ns)"
"Message",Low,"   at System.Runtime.Serialization.XmlObjectSerializer.IsRootElement(XmlReaderDelegator reader, DataContract contract, XmlDictionaryString name, XmlDictionaryString ns)"
"Message",Low,"   at System.Runtime.Serialization.Json.DataContractJsonSerializer.InternalIsStartObject(XmlReaderDelegator reader)"
"Message",Low,"   at System.Runtime.Serialization.Json.DataContractJsonSerializer.InternalReadObject(XmlReaderDelegator xmlReader, Boolean verifyObjectName)"
"Message",Low,"   at System.Runtime.Serialization.XmlObjectSerializer.InternalReadObject(XmlReaderDelegator reader, Boolean verifyObjectName, DataContractResolver dataContractResolver)"
"Message",Low,"   at System.Runtime.Serialization.XmlObjectSerializer.ReadObjectHandleExceptions(XmlReaderDelegator reader, Boolean verifyObjectName, DataContractResolver dataContractResolver)"
"Message",Low,"   --- End of inner exception stack trace ---"
"Message",Low,"   at System.Runtime.Serialization.XmlObjectSerializer.ReadObjectHandleExceptions(XmlReaderDelegator reader, Boolean verifyObjectName, DataContractResolver dataContractResolver)"
"Message",Low,"   at System.Runtime.Serialization.Json.DataContractJsonSerializer.ReadObject(XmlDictionaryReader reader)"
"Message",Low,"   at System.Runtime.Serialization.Json.DataContractJsonSerializer.ReadObject(Stream stream)"
"Message",Low,"   at Microsoft.VisualStudio.Telemetry.TelemetrySessionSettings.Deserialize(String settings)"
"Message",Low,"   at Microsoft.VisualStudio.Telemetry.TelemetrySessionSettings.Parse(String serializedSession)"
"Message",Low,"   --- End of inner exception stack trace ---"
"Message",Low,"   at Microsoft.VisualStudio.Telemetry.TelemetrySessionSettings.Parse(String serializedSession)"
"Message",Low,"   at ILCTelemetry.Program.ReadEvents()"
"Message",Low,"   at ILCTelemetry.Program.Main(String[] args)"
"Message",Low,"Checking assembly 'C:\Users\danny\Source\Repos\Density_Android\UWP\obj\x86\Release\ilc\in\Density.dll'. "
"Message",Low,"Checking assembly 'C:\Users\danny\Source\Repos\Density_Android\UWP\obj\x86\Release\ilc\in\Density.UWP.exe'. "
"Message",Low,"Checking assembly 'C:\Users\danny\Source\Repos\Density_Android\UWP\obj\x86\Release\ilc\in\Mono.Android.dll'. "
"Message",Low,"Checking assembly 'C:\Users\danny\Source\Repos\Density_Android\UWP\obj\x86\Release\ilc\in\Newtonsoft.Json.dll'. "
"Message",Low,"Checking assembly 'C:\Users\danny\Source\Repos\Density_Android\UWP\obj\x86\Release\ilc\in\Xamarin.Forms.Core.dll'. "
"Message",Low,"Checking assembly 'C:\Users\danny\Source\Repos\Density_Android\UWP\obj\x86\Release\ilc\in\Xamarin.Forms.Maps.dll'. "
"Message",Low,"Checking assembly 'C:\Users\danny\Source\Repos\Density_Android\UWP\obj\x86\Release\ilc\in\Xamarin.Forms.Maps.UWP.dll'. "
"Message",Low,"Checking assembly 'C:\Users\danny\Source\Repos\Density_Android\UWP\obj\x86\Release\ilc\in\Xamarin.Forms.Platform.dll'. "
"Message",Low,"Checking assembly 'C:\Users\danny\Source\Repos\Density_Android\UWP\obj\x86\Release\ilc\in\Xamarin.Forms.Platform.UAP.dll'. "
"Message",Low,"Checking assembly 'C:\Users\danny\Source\Repos\Density_Android\UWP\obj\x86\Release\ilc\in\Xamarin.Forms.Xaml.dll'. "
"Message",Low,"Gatekeeper: 0010: Could not find assembly 'Java.Interop, Version=0.1.0.0, Culture=neutral, PublicKeyToken=84e04ff9cfb79065' referenced by 'Mono.Android'. "
"Message",Low,"Gatekeeper: 0010: Could not find assembly 'System.Drawing.Common, Version=4.0.0.0, Culture=neutral, PublicKeyToken=cc7b13ffcd2ddd51' referenced by 'Mono.Android'. "
"Message",Normal,"'C:\Users\danny\.nuget\packages\runtime.win10-x86.microsoft.net.native.compiler\2.1.8\tools\x86\ilc\ilc.exe --gatekeeper @""C:\Users\danny\Source\Repos\Density_Android\UWP\obj\x86\Release\ilc\intermediate\gkargs.rsp""' completed."
"Message",Normal,"Process execution statistics (all times in milliseconds)"
"Message",Normal,"-----------------------------------------------------------------------------"
"Message",Normal,"launch  |  start   |   stop   |   end    | duration | lifetime | [slot] name"
"Message",Normal,"-----------------------------------------------------------------------------"
"Message",Normal,"       0 |        0 |      360 |      360 |      360 |      360 | [0] Gatekeeper"
"Message",Normal,"Number of commands:      1"
"Message",Normal,"Total system time:       360 ms"
"Message",Normal,"System time per command: 360 ms"
"Message",Normal,"Total duration:          360 ms"
"Message",Normal,"Total lifetime:          360 ms"
"Message",Normal,"Requested DOP:           12"
"Message",Normal,"Duration DOP:            1.0"
"Message",Normal,"Lifetime DOP:            1.0"
"Message",Low,"Done executing task ""Gatekeeper""."
"Message",Low,"Done building target ""RunGatekeeper"" in file ""Preparation""."
"Message",Low,""
"Message",Low,"Done building target ""CreateToolchainGeneratedAssembly"" in file ""Preparation""."
"Message",Low,""
"Message",Low,"Task ""PreMergeAssemblyClosure"""
"Warning",,0,0,"ILTransform : warning ILT0010: Could not find assembly 'Java.Interop, Version=0.1.0.0, Culture=neutral, PublicKeyToken=84e04ff9cfb79065' referenced by 'Mono.Android'."
"Warning",,0,0,"ILTransform : warning ILT0010: Could not find assembly 'System.Drawing.Common, Version=4.0.0.0, Culture=neutral, PublicKeyToken=cc7b13ffcd2ddd51' referenced by 'Mono.Android'."
"Message",Low,"Done executing task ""PreMergeAssemblyClosure""."
"Message",Low,"Done building target ""ConstructPreMergeAssemblyClosure"" in file ""Preparation""."
"Message",Low,""
"Message",Low,"Task ""McgReferenceResolveFilePath"""
"Message",Low,"Done executing task ""McgReferenceResolveFilePath""."
"Message",Low,"Done building target ""PreResolveTransforms"" in file ""Preparation""."
"Message",Low,""
"Message",Low,"Task ""ResolveToolchainRequiredAssemblyRoots"""
"Message",Low,"Done executing task ""ResolveToolchainRequiredAssemblyRoots""."
"Message",Low,"Task ""ILTransformAssemblyClosure"""
"Warning",,0,0,"ILTransform : warning ILT0010: Could not find assembly 'Java.Interop, Version=0.1.0.0, Culture=neutral, PublicKeyToken=84e04ff9cfb79065' referenced by 'Mono.Android'."
"Warning",,0,0,"ILTransform : warning ILT0010: Could not find assembly 'System.Drawing.Common, Version=4.0.0.0, Culture=neutral, PublicKeyToken=cc7b13ffcd2ddd51' referenced by 'Mono.Android'."
"Message",Low,"Done executing task ""ILTransformAssemblyClosure""."
"Message",Low,"Task ""ResolveToolchainRequiredAssemblyRoots"""
"Message",Low,"Done executing task ""ResolveToolchainRequiredAssemblyRoots""."
"Message",Low,"Task ""ReducedCopyAssemblyClosure"""
"Warning",,0,0,"ILTransform : warning ILT0010: Could not find assembly 'Java.Interop, Version=0.1.0.0, Culture=neutral, PublicKeyToken=84e04ff9cfb79065' referenced by 'Mono.Android'."
"Warning",,0,0,"ILTransform : warning ILT0010: Could not find assembly 'System.Drawing.Common, Version=4.0.0.0, Culture=neutral, PublicKeyToken=cc7b13ffcd2ddd51' referenced by 'Mono.Android'."
"Message",Low,"Done executing task ""ReducedCopyAssemblyClosure""."
"Message",Low,"Done building target ""ConstructILTransformAssemblyClosure"" in file ""Preparation""."
"Message",Low,"Done building project ""Preparation""."
"Message",Low,""
"Message",Low,""
"Message",High,"Processing application code"
"Message",Low,"Task ""RunILTransforms"""
"Message",Normal,"Running 'DumpNativeResources' transform, heap at 24 MB."
"Message",Normal,"Running 'Analysis' transform, heap at 38 MB."
"Message",Low,"Loading 109 modules..."
"Error",,0,0,"Internal compiler error: MCG0023:UnresolvableAssemblyReference Unresolvable assembly reference 'Assembly(Name=Java.Interop, Version=0.1.0.0, Culture=neutral, PublicKeyToken=84e04ff9cfb79065)' found. Please check the references in your build system. A reference is either missing or an assembly is missing an expected type."
"Message",Low,"Done executing task ""RunILTransforms"" -- FAILED."
"Message",Low,"Done building target ""RunILTransforms"" in file ""ILTransforms"" -- FAILED."
"Message",Low,"Done building project ""ILTransforms"" -- FAILED."
"Message",Low,"Compilation failed"
